time,data,src
1722605833.3585181,max,pContactMgrV20
1722605836.363348,max|ned,pContactMgrV20
1722605839.3668082,max|ned|oak,pContactMgrV20
1722605839.3668082,max|ned|oak,pContactMgrV20
1722605839.3668082,max|ned|oak,pContactMgrV20
1722605839.3668082,max|ned|oak,pContactMgrV20
