time,data,src
1722605827.7378361,0.00000,pMarinePID
1722605827.838196,0.00000,pMarinePID
1722605827.938486,0.00000,pMarinePID
1722605828.038786,0.00000,pMarinePID
1722605828.139066,0.00000,pMarinePID
1722605828.239306,0.00000,pMarinePID
1722605828.339606,0.00000,pMarinePID
1722605828.439856,0.00000,pMarinePID
1722605828.540136,0.00000,pMarinePID
1722605828.640536,0.00000,pMarinePID
1722605828.640536,0.00000,pMarinePID
1722605828.740806,0.00000,pMarinePID
1722605828.841226,0.00000,pMarinePID
1722605828.9414961,0.00000,pMarinePID
1722605829.041816,0.00000,pMarinePID
1722605829.142406,0.00000,pMarinePID
1722605829.243756,0.00000,pMarinePID
1722605829.343416,0.00000,pMarinePID
1722605829.444366,0.00000,pMarinePID
1722605829.444366,0.00000,pMarinePID
1722605829.444366,0.00000,pMarinePID
1722605829.444366,0.00000,pMarinePID
1722605829.444366,0.00000,pMarinePID
1722605829.444366,0.00000,pMarinePID
1722605829.444366,0.00000,pMarinePID
1722605829.444366,0.00000,pMarinePID
1722605829.444366,0.00000,pMarinePID
