time,data,src
1722605834.380067,abe,pContactMgrV20
1722605836.3832572,abe|ned,pContactMgrV20
1722605839.386537,abe|ned|oak,pContactMgrV20
1722605839.386537,abe|ned|oak,pContactMgrV20
1722605839.386537,abe|ned|oak,pContactMgrV20
1722605839.386537,abe|ned|oak,pContactMgrV20
